frame,time_s,particle_id,x_um,y_um,intensity,channel_id,temperature
0,0.0,27,168.9230476013138,15.216432868400975,918.7384369137906,channel_A,25.0
1,0.03333333333333333,27,168.94065041985266,15.76377160921495,910.9162496606671,channel_A,25.0
2,0.06666666666666667,27,168.2766976455365,15.983673069041954,916.2052790929165,channel_A,25.0
3,0.1,27,168.32597248880444,15.785039130499571,893.1380227309535,channel_A,25.0
4,0.13333333333333333,27,168.84992940783835,15.402661632484659,916.2122967642338,channel_A,25.0
5,0.16666666666666666,27,168.50061228553574,15.202329216455304,872.05581287484,channel_A,25.0
6,0.2,27,168.00163959688533,15.14602596836425,852.8886296696453,channel_A,25.0
