frame,time_s,particle_id,x_um,y_um,intensity,channel_id,temperature
0,0.0,75,123.60208801498104,23.917984316407914,1012.0844280845531,channel_C,25.0
1,0.03333333333333333,75,123.74102863182887,24.28494322202979,1029.7162033974691,channel_C,25.0
2,0.06666666666666667,75,122.4742580671746,23.041343160465036,1107.6342172860493,channel_C,25.0
3,0.1,75,121.9846806263929,23.403418918074568,1003.725074088332,channel_C,25.0
4,0.13333333333333333,75,122.24333359798813,23.324176455129724,1083.3920656493224,channel_C,25.0
