channel_id,nominal_nm,measured_nm,bias_pct,D_um2_s
channel_A,100.0,52.054421936238434,-47.945578063761566,3.3326581764641094
channel_B,100.0,65.87404641728688,-34.12595358271312,5.392154680126518
channel_C,100.0,59.57637429370552,-40.42362570629448,2.6838913838977527
