frame,time_s,particle_id,x_um,y_um,intensity,channel_id,temperature
0,0.0,94,56.91554646634075,44.24591753199343,1274.684086588962,channel_C,37.0
1,0.03333333333333333,94,56.96037168359083,44.12579771604952,1382.2254814176304,channel_C,37.0
2,0.06666666666666667,94,57.16209841003091,43.802333378030276,1281.4111173539434,channel_C,37.0
3,0.1,94,57.55151836537373,43.36784334798981,942.9943854075261,channel_C,37.0
4,0.13333333333333333,94,58.7095371568633,42.70327450082275,633.2625188499388,channel_C,37.0
5,0.16666666666666666,94,59.42544641758143,43.781109459584684,444.01142993962395,channel_C,37.0
6,0.2,94,59.24688547662242,44.509675452165155,334.50385689502235,channel_C,37.0
