frame,time_s,particle_id,x_um,y_um,intensity,channel_id,temperature
0,0.0,67,143.4322321904805,14.901764092877219,1014.6205298492603,channel_B,37.0
1,0.03333333333333333,67,143.31972315225957,14.885381515760779,983.7581097344644,channel_B,37.0
2,0.06666666666666667,67,143.09046767938872,15.075903025028524,925.4645522349505,channel_B,37.0
3,0.1,67,143.47466101153435,14.401089306008211,1032.9794200816234,channel_B,37.0
4,0.13333333333333333,67,143.29827343037869,14.380670189398446,903.3940931830142,channel_B,37.0
5,0.16666666666666666,67,142.77335865748466,14.497986977661474,989.9083416011778,channel_B,37.0
6,0.2,67,143.89614494193137,13.49826222338959,1036.8456785581604,channel_B,37.0
7,0.23333333333333334,67,143.16934091818058,13.627976377200458,987.4871993680673,channel_B,37.0
8,0.26666666666666666,67,143.9957363781341,13.86993483553142,933.7472043397639,channel_B,37.0
