frame,time_s,particle_id,x_um,y_um,intensity,channel_id,temperature
0,0.0,1,173.72126399246457,35.82118527498835,955.792072602409,channel_A,37.0
1,0.03333333333333333,1,172.98861284967984,35.48901741501612,1050.3374467660599,channel_A,37.0
2,0.06666666666666667,1,173.0155483283909,34.98950121320945,686.9915129284029,channel_A,37.0
3,0.1,1,173.73622828415716,35.22910329850683,506.1058486381294,channel_A,37.0
4,0.13333333333333333,1,173.47679010979175,36.13087135018608,348.9505496532566,channel_A,37.0
