frame,time_s,particle_id,x_um,y_um,intensity,channel_id,temperature
0,0.0,50,105.03906136415361,31.066998668589353,1267.437984166436,channel_B,37.0
1,0.03333333333333333,50,104.2931623021445,30.667335615812352,1201.6439586586666,channel_B,37.0
2,0.06666666666666667,50,104.90242119146,31.885362523236697,1213.1731330517132,channel_B,37.0
3,0.1,50,104.19885337340246,32.54094006224496,1310.268256912075,channel_B,37.0
4,0.13333333333333333,50,104.381551632197,32.8288353807674,1155.736064761192,channel_B,37.0
5,0.16666666666666666,50,103.5976692702011,33.882605340832065,1211.936044249481,channel_B,37.0
6,0.2,50,102.63223066725425,34.58202989479831,1241.529821594754,channel_B,37.0
7,0.23333333333333334,50,103.70873188469997,35.562518242275075,1212.3120706171737,channel_B,37.0
