frame,time_s,particle_id,x_um,y_um,intensity,channel_id,temperature
0,0.0,80,79.38419207776573,6.374330619538816,893.3711758146617,channel_C,37.0
1,0.03333333333333333,80,79.95578003162494,6.336722824687189,890.613361476127,channel_C,37.0
2,0.06666666666666667,80,79.75068854463021,6.7011444193557335,916.0633241816605,channel_C,37.0
3,0.1,80,79.16529161173455,6.882162339424207,821.9262128485093,channel_C,37.0
4,0.13333333333333333,80,79.79652523827035,6.421573250222368,929.0378530504223,channel_C,37.0
5,0.16666666666666666,80,80.01106717439608,6.028138432778904,940.2318825796552,channel_C,37.0
6,0.2,80,79.77166499203608,5.988121183592778,867.0797425093258,channel_C,37.0
