frame,time_s,particle_id,x_um,y_um,intensity,channel_id,temperature
0,0.0,99,33.806468878056904,30.68956504899627,1463.7830677968964,channel_C,37.0
1,0.03333333333333333,99,33.589906312181704,30.311375464866764,1436.9993103747292,channel_C,37.0
2,0.06666666666666667,99,33.6899825226683,29.54265135707041,1513.3938256540473,channel_C,37.0
3,0.1,99,33.18713093465417,30.884531075369225,1462.1817995249955,channel_C,37.0
4,0.13333333333333333,99,32.6629042312473,30.503420133045484,1443.6270110067496,channel_C,37.0
5,0.16666666666666666,99,33.063605238834135,29.864364212604652,1390.4725843122565,channel_C,37.0
